{
  "feature_engineer": {
    "categorical_encoders": {
      "job": {
        "admin.": 39.67958707856551,
        "blue-collar": 40.437002939300875,
        "entrepreneur": 42.428873985174725,
        "housemaid": 47.242141569334485,
        "management": 40.19391838013328,
        "retired": 60.47067583859301,
        "self-employed": 40.387911799448744,
        "services": 38.93973627315401,
        "student": 26.709323388385723,
        "technician": 39.32024089838797,
        "unemployed": 40.95253344719613,
        "unknown": 48.300888700804066
      },
      "marital": {
        "divorced": 45.35360488935156,
        "married": 43.326536663008255,
        "single": 33.31055534179813
      },
      "education": {
        "primary": 46.25974597032552,
        "secondary": 40.177886589599694,
        "tertiary": 39.58576202988094,
        "unknown": 44.38534265077221
      },
      "default": {
        "no": 40.9433745665426,
        "yes": 39.84578665367754
      },
      "housing": {
        "no": 42.94178220015138,
        "yes": 39.26475672555483
      },
      "loan": {
        "no": 40.99130308403337,
        "yes": 40.51457328330653
      },
      "contact": {
        "cellular": 40.49400181949948,
        "telephone": 47.65528193867148,
        "unknown": 40.902513755529185
      },
      "month": {
        "apr": 39.51129413189608,
        "aug": 42.68870298578521,
        "dec": 44.15660490137478,
        "feb": 40.282938372829385,
        "jan": 40.23305502596805,
        "jul": 41.07499718436761,
        "jun": 42.6781037892149,
        "mar": 42.26872719467697,
        "may": 38.98024642745812,
        "nov": 41.78482499857876,
        "oct": 45.55915588835943,
        "sep": 43.41683604336043
      },
      "poutcome": {
        "failure": 40.49343013305361,
        "other": 39.49339469871303,
        "success": 43.17279671806479,
        "unknown": 40.92576170796593
      }
    },
    "numerical_scalers": {
      "balance": {
        "mean": 1204.658905,
        "std": 2837.587463311669
      },
      "day": {
        "mean": 16.125085,
        "std": 8.251745404960014
      },
      "duration": {
        "mean": 256.22447166666666,
        "std": 272.44863766938613
      },
      "campaign": {
        "mean": 2.5772466666666665,
        "std": 2.719980750479869
      },
      "pdays": {
        "mean": 22.421883333333334,
        "std": 77.29380748163149
      },
      "previous": {
        "mean": 0.2990716666666667,
        "std": 1.339206529001695
      }
    },
    "feature_names": []
  },
  "ridge_params": {
    "alpha": 0.1,
    "weights": [
      -13.815329153885413,
      -9.914119030813852,
      -13.242652301603929,
      0.004954545194514812,
      -0.0025389163650660095,
      -0.007009789359516297,
      11.385359262615259,
      28.270478839283985,
      -8.888412592607152,
      -68.31530088874808,
      14.883034400671256,
      -40.425195520714,
      5.134842432442707,
      6.649917736615109,
      4.923778678675299,
      0.007515705929001552,
      -0.027811203471681995,
      -0.018704495325035795,
      0.05473865258148275,
      0.011621974816606324,
      0.26479744908186853,
      0.010579388662274944,
      -0.0006099543401571457,
      0.024558145999886514,
      0.004829871780399675,
      -0.008142619197749761,
      0.029001046917121936,
      -0.03390205147868364,
      0.026762448009002286,
      0.011414614938855825,
      0.011482545065977949,
      0.009517671369407829,
      0.03880864168223915,
      0.0901230300395956,
      0.0028122456262574614,
      0.031188247764135164,
      -0.005358151546626663,
      0.06839085150899983,
      0.014300213178457104,
      -0.017490990654743813,
      0.00682509334596451,
      -0.036380592342219645,
      -0.012134038682985834,
      0.0032755491093782695,
      -0.024676906997741256,
      0.15517731323294628,
      0.044748809193087484,
      0.17228397500668616,
      -0.024577815428703433,
      0.007849850753663916,
      0.08538772712713374,
      0.002774140227007884,
      -0.0046751768413915646,
      -0.008818967565450517,
      0.02938451086187826,
      0.007947612770462756,
      0.022333108352224677,
      -0.42721512406658113,
      0.07913938099802174,
      1.4364094509531886,
      0.0469455565988266,
      -0.13166214571813592,
      0.05142219908325507,
      2.014420824830358,
      -0.17061263749029082,
      0.12589554092856087,
      -0.04159568896670287,
      0.10212298351132913,
      -0.03358451700598531,
      -0.08811397854365778,
      0.048745001424255016,
      0.014040001598127258,
      0.07925337236505578,
      0.002430963727961578,
      -0.010260070247506326,
      0.01339174021928746,
      0.07919330194744562,
      -0.015593780863823164,
      0.034962012187858986,
      -0.027107601197636506,
      -0.4447576376573502,
      0.1258356260243773,
      -0.42512971401290855,
      0.1627182058373815,
      -0.33416627888055267,
      -0.5100151340912477,
      0.7617830319106448,
      -0.09222330653544751,
      -0.4398311809797251,
      -0.07949354227244992,
      -0.1088029673045957,
      -0.00823615416558297,
      0.011656529360053491,
      0.017187604108345984,
      -0.0020639568549564087,
      0.05172856218551795,
      -0.01419616530120632,
      -0.0032464559444455752,
      -0.005303261847062799,
      -0.031252758310881465,
      -0.07669034746715941,
      -0.026536767957670584,
      0.21455991343078915,
      -0.03223890925569556,
      -0.03855312000594487,
      0.05902693896490669,
      -0.03643665647270887,
      -0.024076552011039525,
      0.002641876383451554,
      0.11922163666544967,
      -0.028269293606991965,
      0.11486503122204457,
      0.07568541806994714,
      0.029063441366862706,
      -0.01086811062077539,
      -0.029248426074083712,
      -0.028250164898190277,
      0.04274720744846949,
      0.005066071232581797,
      -0.019255372550286018,
      0.04322550976665101,
      -0.011287314975765197,
      0.002674699672821168,
      -0.0126290520935811,
      0.01547821823009469,
      0.013478716486147284,
      -0.002639164725961143,
      -0.03938431298852398,
      0.014108494997057994,
      -0.002341173463897982,
      0.03500600689674621,
      -0.0012250742435909335,
      -0.041325224006725204,
      -0.04697141394689229,
      0.00013864087069793157,
      0.008055079420233521,
      0.01721289387641048,
      -0.02133616763641558,
      -0.4303256723901284,
      -0.0885171781452844,
      -0.4438075046788777,
      -0.11039205804949957,
      -0.028856043069667096,
      -0.029604312062874026,
      -0.010870163963073241,
      0.04322550910007007,
      0.013478716438530481,
      -0.0023417923621796444,
      -0.04132362219837608,
      0.00014243648228739426
    ],
    "bias": 36.16441632029648
  },
  "feature_importance": {
    "job_encoded": 49.15239825035649,
    "marital_encoded": 54.67375790415264,
    "education_encoded": 34.660646262076995,
    "default_encoded": 21.346479237805525,
    "housing_encoded": 30.967520682072536,
    "loan_encoded": 24.52623582968917,
    "contact_encoded": 30.626581770513877,
    "month_encoded": 48.49967944540354,
    "poutcome_encoded": 23.288021691328947,
    "balance_scaled": 36.748201012951505,
    "day_scaled": 30.008079769899478,
    "duration_scaled": 44.80438872094241,
    "campaign_scaled": 28.227307953625097,
    "pdays_scaled": 31.336757063228173,
    "previous_scaled": 22.128053907610315,
    "job_encoded_x_job_encoded": 27.344795666831807,
    "job_encoded_x_marital_encoded": 30.551536939853268,
    "job_encoded_x_education_encoded": 28.489477158781835,
    "job_encoded_x_default_encoded": 31.002019529549425,
    "job_encoded_x_housing_encoded": 25.848126980352017,
    "job_encoded_x_loan_encoded": 41.85501563179276,
    "job_encoded_x_contact_encoded": 30.32593362172447,
    "job_encoded_x_month_encoded": 24.526248251464885,
    "job_encoded_x_poutcome_encoded": 25.8190861636376,