{
  "feature_engineer": {
    "categorical_encoders": {
      "job": {
        "admin.": 39.67958707856551,
        "blue-collar": 40.437002939300875,
        "entrepreneur": 42.428873985174725,
        "housemaid": 47.242141569334485,
        "management": 40.19391838013328,
        "retired": 60.47067583859301,
        "self-employed": 40.387911799448744,
        "services": 38.93973627315401,
        "student": 26.709323388385723,
        "technician": 39.32024089838797,
        "unemployed": 40.95253344719613,
        "unknown": 48.300888700804066
      },
      "marital": {
        "divorced": 45.35360488935156,
        "married": 43.326536663008255,
        "single": 33.31055534179813
      },
      "education": {
        "primary": 46.25974597032552,
        "secondary": 40.177886589599694,
        "tertiary": 39.58576202988094,
        "unknown": 44.38534265077221
      },
      "default": {
        "no": 40.9433745665426,
        "yes": 39.84578665367754
      },
      "housing": {
        "no": 42.94178220015138,
        "yes": 39.26475672555483
      },
      "loan": {
        "no": 40.99130308403337,
        "yes": 40.51457328330653
      },
      "contact": {
        "cellular": 40.49400181949948,
        "telephone": 47.65528193867148,
        "unknown": 40.902513755529185
      },
      "month": {
        "apr": 39.51129413189608,
        "aug": 42.68870298578521,
        "dec": 44.15660490137478,
        "feb": 40.282938372829385,
        "jan": 40.23305502596805,
        "jul": 41.07499718436761,
        "jun": 42.6781037892149,
        "mar": 42.26872719467697,
        "may": 38.98024642745812,
        "nov": 41.78482499857876,
        "oct": 45.55915588835943,
        "sep": 43.41683604336043
      },
      "poutcome": {
        "failure": 40.49343013305361,
        "other": 39.49339469871303,
        "success": 43.17279671806479,
        "unknown": 40.92576170796593
      }
    },
    "numerical_scalers": {
      "balance": {
        "mean": 1204.658905,
        "std": 2837.587463311669
      },
      "day": {
        "mean": 16.125085,
        "std": 8.251745404960014
      },
      "duration": {
        "mean": 256.22447166666666,
        "std": 272.44863766938613
      },
      "campaign": {
        "mean": 2.5772466666666665,
        "std": 2.719980750479869
      },
      "pdays": {
        "mean": 22.421883333333334,
        "std": 77.29380748163149
      },
      "previous": {
        "mean": 0.2990716666666667,
        "std": 1.339206529001695
      }
    },
    "feature_names": []
  },
  "ridge_params": {
    "alpha": 0.1,
    "weights": [
      -13.815328493014011,
      -9.91411940454965,
      -13.242651650494961,
      0.005851378572368073,
      -0.002593791522196826,
      -0.0069277343277465205,
      11.385363923473806,
      28.270481559513268,
      -8.888480839472429,
      -68.31530676236761,
      14.883034927308453,
      -40.42519453743513,
      5.134842095591731,
      6.6499096811217555,
      4.923775668597873,
      0.008215921965599083,
      -0.027811203480342883,
      -0.01870449534730115,
      0.054738642350515405,
      0.011621974792822025,
      0.2647974438202014,
      0.010579388663940032,
      -0.0006099542529398239,
      0.02455814532478143,
      0.0048298718759492605,
      -0.008142619159441936,
      0.029001046991234486,
      -0.03390205161902058,
      0.02676244804572655,
      0.011414615002666283,
      0.011966190710196912,
      0.009517671412561969,
      0.03880864327653196,
      0.09012303001467895,
      0.0028122521245796095,
      0.03118824781723307,
      -0.005358151586575407,
      0.06839085247243043,
      0.014300213063450586,
      -0.017490990648208374,
      0.00682509332071286,
      -0.03638059230378827,
      -0.01213403859989378,
      0.003275549070805116,
      -0.024945601513697072,
      0.15517731460692966,
      0.04474880962270579,
      0.1722839549027117,
      -0.02457781550358992,
      0.007849850302953203,
      0.08538773008793463,
      0.00277414043853,
      -0.004675176932839624,
      -0.008818967581612446,
      0.029384510875270053,
      0.007947613113556322,
      0.022333108309057048,
      -0.42817849791589946,
      0.07913936661614358,
      1.43640796902165,
      0.04694544510948715,
      -0.13166216428505423,
      0.05142350511610976,
      2.014420926784763,
      -0.17061264214279584,
      0.12589551681386324,
      -0.04159568343311641,
      0.10212314124777136,
      -0.03358445793948538,
      -0.08839047740979883,
      0.04874502137558734,
      0.014040001826647573,
      0.07925337335734756,
      0.002430964860523425,
      -0.010260070820338233,
      0.013391740293958185,
      0.07919330197201568,
      -0.015593780958123646,
      0.03496201104550265,
      -0.027107601353592546,
      -0.44496699607592444,
      0.12583562892977532,
      -0.42512975541347153,
      0.1627185564791026,
      -0.3341662355308449,
      -0.5100151413986159,
      0.7617830348816605,
      -0.09222330722711626,
      -0.4398311431450484,
      -0.07949352893460417,
      -0.10923743460387919,
      -0.008236154389040398,
      0.01165652655458673,
      0.01718760444071889,
      -0.0020639567949710703,
      0.05172856239332623,
      -0.014196165624080055,
      -0.0032464561639505515,
      -0.005303261752984619,
      -0.027337623568771056,
      -0.07669035326023564,
      -0.026536767557599518,
      0.214559913564286,
      -0.03223890895787424,
      -0.03855312027660148,
      0.0590269385872222,
      -0.03643665572608585,
      -0.02683321303594504,
      0.002641874206144051,
      0.1192216355331382,
      -0.02826929703939983,
      0.11486503539329172,
      0.07568542036225656,
      0.029063441733797244,
      -0.01087035247110104,
      -0.029248425872216776,
      -0.02825016490365284,
      0.042747207644265005,
      0.005066071169050587,
      -0.01925537259895609,
      0.04322550963158199,
      -0.011287314971450198,
      0.002674699369122796,
      -0.012629052856739136,
      0.01547821825912636,
      0.013478716792186445,
      -0.0026391649615321255,
      -0.03938431373832981,
      0.014108494827343006,
      -0.0023402437301222137,
      0.035006006935954674,
      -0.0012250734428575496,
      -0.04132435797300396,
      -0.04697141289430349,
      0.00013996224645724728,
      0.007354863378763539,
      0.01672924825967631,
      -0.021067473151214603,
      -0.42937323430337093,
      -0.08824001588449547,
      -0.44359856628124655,
      -0.10995759189072173,
      -0.03277117833329781,
      -0.026847643952115786,
      -0.010867922206170616,
      0.04322550933072786,
      0.013478716058650966,
      -0.0023427220899440823,
      -0.041324487174970705,
      0.00014111511404590402
    ],
    "bias": 36.14698026506852
  },
  "feature_importance": {
    "job_encoded": 45.59325438407272,
    "marital_encoded": 49.93275738196111,
    "education_encoded": 34.333247332490515,
    "default_encoded": 27.05991435286476,
    "housing_encoded": 24.423054458562696,
    "loan_encoded": 28.28097657321436,
    "contact_encoded": 31.228433236337533,
    "month_encoded": 49.47462138570411,
    "poutcome_encoded": 26.268726374629786,
    "balance_scaled": 41.66953282253897,
    "day_scaled": 28.741391451583596,
    "duration_scaled": 43.529194260904795,
    "campaign_scaled": 29.883508677889967,
    "pdays_scaled": 29.22856626782815,
    "previous_scaled": 24.77469553970538,
    "job_encoded_x_job_encoded": 25.37484375447077,
    "job_encoded_x_marital_encoded": 27.77546627353573,
    "job_encoded_x_education_encoded": 33.78885967896285,
    "job_encoded_x_default_encoded": 25.16312859940241,
    "job_encoded_x_housing_encoded": 29.04874422976777,
    "job_encoded_x_loan_encoded": 46.493125059905424,
    "job_encoded_x_contact_encoded": 28.472085321932113,
    "job_encoded_x_month_encoded": 26.950941614246968,
    "job_encoded_x_poutcome_encoded": 25.729843447013238,