{
  "feature_engineer": {
    "categorical_encoders": {
      "job": {
        "admin.": 39.67958707856551,
        "blue-collar": 40.437002939300875,
        "entrepreneur": 42.428873985174725,
        "housemaid": 47.242141569334485,
        "management": 40.19391838013328,
        "retired": 60.47067583859301,
        "self-employed": 40.387911799448744,
        "services": 38.93973627315401,
        "student": 26.709323388385723,
        "technician": 39.32024089838797,
        "unemployed": 40.95253344719613,
        "unknown": 48.300888700804066
      },
      "marital": {
        "divorced": 45.35360488935156,
        "married": 43.326536663008255,
        "single": 33.31055534179813
      },
      "education": {
        "primary": 46.25974597032552,
        "secondary": 40.177886589599694,
        "tertiary": 39.58576202988094,
        "unknown": 44.38534265077221
      },
      "default": {
        "no": 40.9433745665426,
        "yes": 39.84578665367754
      },
      "housing": {
        "no": 42.94178220015138,
        "yes": 39.26475672555483
      },
      "loan": {
        "no": 40.99130308403337,
        "yes": 40.51457328330653
      },
      "contact": {
        "cellular": 40.49400181949948,
        "telephone": 47.65528193867148,
        "unknown": 40.902513755529185
      },
      "month": {
        "apr": 39.51129413189608,
        "aug": 42.68870298578521,
        "dec": 44.15660490137478,
        "feb": 40.282938372829385,
        "jan": 40.23305502596805,
        "jul": 41.07499718436761,
        "jun": 42.6781037892149,
        "mar": 42.26872719467697,
        "may": 38.98024642745812,
        "nov": 41.78482499857876,
        "oct": 45.55915588835943,
        "sep": 43.41683604336043
      },
      "poutcome": {
        "failure": 40.49343013305361,
        "other": 39.49339469871303,
        "success": 43.17279671806479,
        "unknown": 40.92576170796593
      }
    },
    "numerical_scalers": {
      "balance": {
        "mean": 1204.658905,
        "std": 2837.587463311669
      },
      "day": {
        "mean": 16.125085,
        "std": 8.251745404960014
      },
      "duration": {
        "mean": 256.22447166666666,
        "std": 272.44863766938613
      },
      "campaign": {
        "mean": 2.5772466666666665,
        "std": 2.719980750479869
      },
      "pdays": {
        "mean": 22.421883333333334,
        "std": 77.29380748163149
      },
      "previous": {
        "mean": 0.2990716666666667,
        "std": 1.339206529001695
      }
    },
    "feature_names": []
  },
  "ridge_params": {
    "alpha": 1.0,
    "weights": [
      -13.740983752905953,
      -9.578133532686468,
      -13.043344914184914,
      -0.00439331985265964,
      -0.001227821362601863,
      -0.0060066716882170345,
      9.621045748511445,
      24.936297909366576,
      -2.469255777630163,
      -29.092404086960002,
      12.51137926923613,
      -32.43198361050167,
      5.05536854466386,
      5.030139880113208,
      4.150113778571416,
      0.007838236279952494,
      -0.027816603937162433,
      -0.018693578237119677,
      0.05370061917133416,
      0.011644049410687436,
      0.26399960516593773,
      0.010575036822796294,
      -0.000643561460370303,
      0.02459736337992458,
      0.004877643627476738,
      -0.008160040839335895,
      0.029056583354115293,
      -0.03390159922551982,
      0.026787247815679253,
      0.011412221175126703,
      0.014435095021019747,
      0.009490971380634665,
      0.032996110922178606,
      0.09007307077075545,
      0.0006263299348803387,
      0.03122122083997772,
      -0.005267749385133357,
      0.06833908510215808,
      0.014192904534194766,
      -0.017396788914479634,
      0.006720114142877733,
      -0.0364344369983859,
      -0.012123980549477406,
      0.003307050305997977,
      -0.023309833433957105,
      0.15714306319080104,
      0.04468767254870768,
      0.16776048523951737,
      -0.02461477050016923,
      0.007963836893228262,
      0.08406819810655272,
      0.0027170946677417067,
      -0.004539297790529534,
      -0.009086694416208912,
      0.02932793340419963,
      0.007851630047566581,
      0.022393611114898355,
      -0.4526958014317882,
      0.09421219138253863,
      1.5746224393211836,
      0.07564836086321225,
      -0.0877871646019473,
      -0.08695394556132788,
      1.173692468835158,
      -0.1449598397698691,
      -0.000337958647811561,
      -0.04338884583392385,
      0.12330857181271188,
      -0.018853720099644606,
      -0.09022168102927643,
      0.04084988242594035,
      0.014125987829242745,
      0.07879906680135428,
      0.0026931590933819347,
      -0.009309261409478945,
      0.013294654101360458,
      0.07940835453794481,
      -0.01562527462047505,
      0.03516618201230131,
      -0.027029195099893755,
      -0.4809356222151205,
      0.13626360638862434,
      -0.39104742785216,
      0.1402272732114557,
      -0.4454359970191372,
      -0.48243891048558923,
      0.7048709053217499,
      -0.09649295525782886,
      -0.423953043492993,
      -0.07511727333548845,
      -0.10899539126185667,
      -0.007929442963732861,
      0.012707212554938216,
      0.01673371916461638,
      -0.001923198777936102,
      0.05091395361219336,
      -0.014053270581694798,
      -0.002964046701961998,
      -0.005355515831662025,
      -0.029545762496757656,
      -0.07431631972941061,
      -0.027269664703416505,
      0.21416632948353315,
      -0.03298056904754491,
      -0.03820904136434767,
      0.058827680621071785,
      -0.036836835695715206,
      -0.026396226878962214,
      -0.0030398636527699963,
      0.12408209617736003,
      -0.03876313483116336,
      0.12251449572820006,
      0.07797316548262068,
      0.02914866715639563,
      -0.010740592235620208,
      -0.030322233694192315,
      -0.025738146785125187,
      0.04216514997792834,
      0.005136834298128362,
      -0.018557710172004294,
      0.04330343488674768,
      -0.011950596047110951,
      0.0028270883271836193,
      -0.012135495960248975,
      0.015272192656495296,
      0.013468355441915962,
      -0.0033403682353882564,
      -0.04049996000527957,
      0.014380571039775166,
      -0.0023312813990312028,
      0.03636611194979908,
      -0.0008348408463949282,
      -0.04123485936801046,
      -0.047077919798510726,
      0.00014508017737437922,
      0.007728813337261539,
      0.014155183968026641,
      -0.023176747762751748,
      -0.452420429651368,
      -0.08990923290385086,
      -0.4806409558084006,
      -0.10902270333088508,
      -0.030015024532656292,
      -0.026397556148354494,
      -0.010740664884530434,
      0.043303434897428425,
      0.013468355439611052,
      -0.0023312928958978125,
      -0.04123480016938744,
      0.00014504161096369242
    ],
    "bias": 8.549883000980525
  },
  "feature_importance": {
    "job_encoded": 45.588780363891395,
    "marital_encoded": 46.28341768840372,
    "education_encoded": 32.176165686240864,
    "default_encoded": 22.217729480423895,
    "housing_encoded": 25.1654384638142,
    "loan_encoded": 23.64301129632979,
    "contact_encoded": 20.44560294676839,
    "month_encoded": 39.44304905396985,
    "poutcome_encoded": 21.343308386008843,
    "balance_scaled": 19.740863307488997,
    "day_scaled": 23.504195242604368,
    "duration_scaled": 38.2820768064898,
    "campaign_scaled": 20.351405480724516,
    "pdays_scaled": 21.6283006327893,
    "previous_scaled": 24.68673085498705,
    "job_encoded_x_job_encoded": 22.043436244716553,
    "job_encoded_x_marital_encoded": 23.19196472038251,
    "job_encoded_x_education_encoded": 24.224956128087516,
    "job_encoded_x_default_encoded": 18.620667390717117,
    "job_encoded_x_housing_encoded": 23.032614423793415,
    "job_encoded_x_loan_encoded": 37.7307709167182,
    "job_encoded_x_contact_encoded": 21.364597880069596,
    "job_encoded_x_month_encoded": 22.332187888907715,
    "job_encoded_x_poutcome_encoded": 23.923314458352092,